id,status,assignedTimestamp,testedByProfile
1,Tested,1665745592204,vraptor75011
2,Tested,1665848002177,vraptor75011
3,Tested,1665745501591,vraptor75011
4,Tested,1665745447853,vraptor75011
5,Tested,1665646398528,vraptor75011
6,Tested,1665646404746,vraptor75011
7,Tested,1665646430705,vraptor75011
8,Tested,1665651614899,DJ05GaZ
9,Tested,1665651626502,vraptor75011
10,Tested,1665651590185,vraptor75011
11,Tested,1665651609292,vraptor75011
12,Tested,1665653011026,DJ05GaZ
13,Tested,1665687452004,DJ05GaZ
14,Tested,1665731542562,vraptor75011
15,Tested,1665739594206,vraptor75011
16,Tested,1665731536491,vraptor75011
17,Tested,1665658033686,NicN11
18,Tested,1665658719522,NicN11
19,Tested,1665658760117,NicN11
20,Tested,1665684594929,NicN11
21,Tested,1665745627609,vraptor75011
22,Tested,1665745956568,vraptor75011
23,Tested,1665846475644,vraptor75011
24,Tested,1665684195130,NicN11
25,Tested,1665665528775,caoHenriques
26,Tested,1665752125334,vraptor75011
27,Tested,1665665538432,NicN11
28,Tested,1665665566066,caoHenriques
29,Tested,1665766868554,vraptor75011
30,Tested,1665665581057,caoHenriques
31,Tested,1665767291126,vraptor75011
32,Tested,1665767505251,vraptor75011
33,Tested,1665855109343,vraptor75011
34,Tested,1665773828028,vraptor75011
35,Tested,1665825046087,vraptor75011
36,Tested,1665824152227,vraptor75011
37,Tested,1665682690497,tiger4242
38,Tested,1665682753030,tiger4242
39,Tested,1665682969465,DJ05GaZ
40,Tested,1665682988855,tiger4242
41,Tested,1665683839228,caoHenriques
42,Tested,1665684933018,tigers40
43,Tested,1665685199305,tigers40
44,Tested,1665804957997,vraptor75011
45,Tested,1665776309983,vraptor75011
46,Tested,1665807051899,vraptor75011
47,Tested,1665806950942,theblockchainarborist
48,Tested,1665686711429,NicN11
49,Tested,1665807431570,theblockchainarborist
50,Tested,1665807662681,theblockchainarborist
51,Tested,1665807821305,theblockchainarborist
52,Tested,1665808270645,theblockchainarborist
53,Tested,1665815581645,vraptor75011
54,Tested,1665902130011,tigers40
55,Tested,1665687169217,NicN11
56,Tested,1665687363546,BastianMuc
57,Tested,1665690791687,NicN11
58,Tested,1665815594337,theblockchainarborist
59,Tested,1665815599819,theblockchainarborist
60,Tested,1665904459994,tiger4242
61,Tested,1665740099037,vraptor75011
62,Tested,1665774977258,vraptor75011
63,Tested,1665746067678,vraptor75011
64,Tested,1665805449472,vraptor75011
65,Tested,1665817224428,theblockchainarborist
66,Tested,1665821455689,theblockchainarborist
67,Tested,1665821575984,theblockchainarborist
68,Tested,1665821998443,theblockchainarborist
69,Tested,1665822227076,theblockchainarborist
70,Tested,1665822330141,vraptor75011
71,Tested,1665823569008,theblockchainarborist
72,Tested,1665823960735,theblockchainarborist
73,Tested,1665824401103,theblockchainarborist
74,Tested,1665899602193,vraptor75011
75,Tested,1665826326543,theblockchainarborist
76,Tested,1665846681738,vraptor75011
77,Tested,1665846479969,vraptor75011
78,Tested,1665827852370,theblockchainarborist
79,Tested,1665828433439,vraptor75011
80,Tested,1665828697865,theblockchainarborist
81,Tested,1665828764627,theblockchainarborist
82,Tested,1665830330492,vraptor75011
83,Tested,1665830663333,theblockchainarborist
84,Tested,1665831070782,theblockchainarborist
85,Tested,1665832137039,theblockchainarborist
86,Tested,1665833099822,theblockchainarborist
87,Tested,1665834300064,theblockchainarborist
88,Tested,1665834969251,theblockchainarborist
89,Tested,1665835521773,vraptor75011
90,Tested,1665835853736,theblockchainarborist
91,Tested,1665837426351,theblockchainarborist
92,Tested,1665838228046,theblockchainarborist
93,Tested,1665838597905,theblockchainarborist
94,Tested,1665839312709,theblockchainarborist
95,Tested,1665927340317,theblockchainarborist
96,Tested,1665928250865,NicN11
97,Tested,1665845404734,theblockchainarborist
98,Tested,1665875573090,vraptor75011
99,Tested,1665846567092,theblockchainarborist
100,Tested,1665846645221,vraptor75011
101,Tested,1665846656296,vraptor75011
102,Tested,1665847791476,theblockchainarborist
103,Tested,1665849511915,theblockchainarborist
104,Tested,1665850186131,theblockchainarborist
105,Tested,1665850975575,tiger4242
106,Tested,1665850996667,tiger4242
107,Tested,1665851369369,tiger4242
108,Tested,1665852607317,theblockchainarborist
109,Tested,1665852709083,theblockchainarborist
110,Tested,1665853160502,vraptor75011
111,Tested,1665853228987,vraptor75011
112,Tested,1665854601032,tiger4242
113,Tested,1665854995151,tiger4242
114,Tested,1665942354635,NicN11
115,Tested,1665857379980,theblockchainarborist
116,Tested,1665858197372,tiger4242
117,Tested,1665858573555,tiger4242
118,Tested,1665858845940,vraptor75011
119,Tested,1665859818350,theblockchainarborist
120,Tested,1665861757647,tiger4242
121,Tested,1665862275502,theblockchainarborist
122,Tested,1665864341993,vraptor75011
123,Tested,1665864687044,theblockchainarborist
124,Tested,1665865328642,tiger4242
125,Tested,1665865406801,tiger4242
126,Tested,1665865432324,tiger4242
127,Tested,1665865837184,caoHenriques
128,Tested,1665865914532,tiger4242
129,Tested,1665922041363,tigers40
130,Tested,1665866207024,caoHenriques
131,Tested,1665868942750,tiger4242
132,Tested,1665869010242,tiger4242
133,Tested,1665869049863,tiger4242
134,Tested,1665869279128,tigers40
135,Tested,1665869506051,BigGremlin
136,Tested,1665869843603,BigGremlin
137,Tested,1665870389363,caoHenriques
138,Tested,1665870420878,caoHenriques
139,Tested,1665870984428,caoHenriques
140,Tested,1665871450129,vraptor75011
141,Tested,1665871644418,BigGremlin
142,Tested,1665871950726,theblockchainarborist
143,Tested,1665872162266,BigGremlin
144,Tested,1665959782530,tiger4242
145,Tested,1665872631929,tiger4242
146,Tested,1665884974959,tigers40
147,Tested,1665873791412,BigGremlin
148,Tested,1665873799249,BigGremlin
149,Tested,1665874125896,vraptor75011
150,Tested,1665874338946,theblockchainarborist
151,Tested,1665874711189,caoHenriques
152,Tested,1665874752587,caoHenriques
153,Tested,1665874817440,caoHenriques
154,Tested,1665875492017,vraptor75011
155,Tested,1665905675887,caoHenriques
156,Tested,1665881534059,caoHenriques
157,Tested,1665881521863,caoHenriques
158,Tested,1665876200848,tiger4242
159,Tested,1665878386162,tigers40
160,Tested,1665878596067,tigers40
161,Tested,1665879198412,theblockchainarborist
162,Tested,1665879625887,tiger4242
163,Tested,1665879763103,tiger4242
164,Tested,1665879861864,tigers40
165,Tested,1665880122743,tiger4242
166,Tested,1665881511273,caoHenriques
167,Tested,1665882622829,vraptor75011
168,Tested,1665883016058,vraptor75011
169,Tested,1665883139777,tiger4242
170,Tested,1665883236592,BigGremlin
171,Tested,1665883261596,caoHenriques
172,Tested,1665883280449,caoHenriques
173,Tested,1665883341841,caoHenriques
174,Tested,1665883404809,vraptor75011
175,Tested,1665883648206,tiger4242
176,Tested,1665883749192,BigGremlin
177,Tested,1665884013964,theblockchainarborist
178,Tested,1665885513595,BigGremlin
179,Tested,1665885938560,BigGremlin
180,Tested,1665886147046,caoHenriques
181,Tested,1665886240246,caoHenriques
182,Tested,1665886473220,theblockchainarborist
183,Tested,1665886789162,tiger4242
184,Tested,1665886983565,tiger4242
185,Tested,1665887475666,caoHenriques
186,Tested,1665887589553,caoHenriques
187,Tested,1665887632570,BigGremlin
188,Tested,1665887817766,tigers40
189,Tested,1665888870495,theblockchainarborist
190,Tested,1665889125267,tigers40
191,Tested,1665890351835,tiger4242
192,Tested,1665890545033,tiger4242
193,Tested,1665890636602,tiger4242
194,Tested,1665890943750,caoHenriques
195,Tested,1665891294593,theblockchainarborist
196,Tested,1665891691757,caoHenriques
197,Tested,1665891751919,caoHenriques
198,Tested,1665893663409,theblockchainarborist
199,Tested,1665893697215,vraptor75011
200,Tested,1665893773421,tigers40
201,Tested,1665893835438,tiger4242
202,Tested,1665894023746,tigers40
203,Tested,1665894080047,tiger4242
204,Tested,1665894148164,tiger4242
205,Tested,1665895617082,caoHenriques
206,Tested,1665895760084,caoHenriques
207,Tested,1665895880905,caoHenriques
208,Tested,1665895949764,caoHenriques
209,Tested,1665896084296,theblockchainarborist
210,Tested,1665896104546,caoHenriques
211,Tested,1665896218462,caoHenriques
212,Tested,1665897351191,tiger4242
213,Tested,1665897531158,tiger4242
214,Tested,1665897622823,tiger4242
215,Tested,1665897671119,tigers40
216,Tested,1665897727558,tiger4242
217,Tested,1665898916473,tigers40
218,Tested,1665899425540,BigGremlin
219,Tested,1665899545841,vraptor75011
220,Tested,1665899553330,vraptor75011
221,Tested,1665986255809,tiger4242
222,Tested,1665899596867,vraptor75011
223,Tested,1665900246130,tigers40
224,Tested,1665900396621,caoHenriques
225,Tested,1665900412897,caoHenriques
226,Tested,1665900635666,caoHenriques
227,Tested,1665900840715,caoHenriques
228,Tested,1665900870008,tiger4242
229,Tested,1665900906284,theblockchainarborist
230,Tested,1665901157575,tiger4242
231,Tested,1665901221120,tiger4242
232,Tested,1665901271790,tiger4242
233,Tested,1665902917001,vraptor75011
234,Tested,1665904596714,caoHenriques
235,Tested,1665904605543,caoHenriques
236,Tested,1665904625727,tigers40
237,Tested,1665904651008,tiger4242
238,Tested,1665904685615,tiger4242
239,Tested,1665905195815,caoHenriques
240,Tested,1665905432524,caoHenriques
241,Tested,1665905699712,theblockchainarborist
242,Tested,1665905842183,vraptor75011
243,Tested,1665905901504,vraptor75011
244,Tested,1665907693518,tigers40
245,Tested,1665907959985,tiger4242
246,Tested,1665908081430,theblockchainarborist
247,Tested,1665908325823,vraptor75011
248,Tested,1665908385703,tiger4242
249,Tested,1665908607580,tigers40
250,Tested,1665908923802,caoHenriques
251,Tested,1665909261623,tigers40
252,Tested,1665909275673,caoHenriques
253,Tested,1665909335824,NicN11
254,Tested,1665909483728,NicN11
255,Tested,1665909492941,NicN11
256,Tested,1665910241999,caoHenriques
257,Tested,1665910531813,theblockchainarborist
258,Tested,1665911428890,tiger4242
259,Tested,1665911522461,vraptor75011
260,Tested,1665911725587,tiger4242
261,Tested,1665911895157,tiger4242
262,Tested,1665912247627,vraptor75011
263,Tested,1665912272223,vraptor75011
264,Tested,1665912283038,vraptor75011
265,Tested,1665912296121,vraptor75011
266,Tested,1665912418204,NicN11
267,Tested,1665912743915,tigers40
268,Tested,1665912937061,theblockchainarborist
269,Tested,1665913329276,BigGremlin
270,Tested,1665913351215,caoHenriques
271,Tested,1665913411899,BigGremlin
272,Tested,1665913506579,BigGremlin
273,Tested,1665913973430,tigers40
274,Tested,1665914298871,NicN11
275,Tested,1665915018174,NicN11
276,Tested,1665915054261,tiger4242
277,Tested,1665915065969,NicN11
278,Tested,1665915073149,caoHenriques
279,Tested,1665915087837,NicN11
280,Tested,1665915224451,caoHenriques
281,Tested,1665915252978,tiger4242
282,Tested,1665915356013,theblockchainarborist
283,Tested,1665915414777,tiger4242
284,Tested,1665915432565,tiger4242
285,Tested,1665915606014,caoHenriques
286,Tested,1665916196446,vraptor75011
287,Tested,1665916814993,tigers40
288,Tested,1665917304682,NicN11
289,Tested,1665917587171,NicN11
290,Tested,1665917602649,caoHenriques
291,Tested,1665917607787,vraptor75011
292,Tested,1665917655022,NicN11
293,Tested,1665917702843,caoHenriques
294,Tested,1665917966915,tigers40
295,Tested,1665918761928,tiger4242
296,Tested,1665919295964,NicN11
297,Tested,1665920000073,caoHenriques
298,Tested,1665920039446,tigers40
299,Tested,1665920065649,vraptor75011
300,Tested,1665920180412,theblockchainarborist
301,Tested,1665920190644,NicN11
302,Tested,1665920523414,caoHenriques
303,Tested,1665921263833,tigers40
304,Tested,1665921828877,NicN11
305,Tested,1665921901259,caoHenriques
306,Tested,1665921928898,caoHenriques
307,Tested,1665922283948,tiger4242
308,Tested,1665922427769,tiger4242
309,Tested,1665922567277,theblockchainarborist
310,Tested,1665923702783,vraptor75011
311,Tested,1665923886269,vraptor75011
312,Tested,1665924814365,caoHenriques
313,Tested,1665924952938,theblockchainarborist
314,Tested,1665925015325,tigers40
315,Tested,1665925239447,NicN11
316,Tested,1665925253541,BigGremlin
317,Tested,1665925414493,caoHenriques
318,Tested,1665925542244,tigers40
319,Tested,1665925706406,tigers40
320,Tested,1665925721275,NicN11
321,Tested,1665925946976,tiger4242
322,Tested,1665926163935,caoHenriques
323,Tested,1665926181253,caoHenriques
324,Tested,1665926205944,tiger4242
325,Tested,1665926264266,tigers40
326,Tested,1665926678438,tigers40
327,Tested,1665927404509,BigGremlin
328,Tested,1665927468191,tigers40
329,Tested,1665929409149,tiger4242
330,Tested,1665929536491,tiger4242
331,Tested,1665929585638,vraptor75011
332,Tested,1665929698102,caoHenriques
333,Tested,1665929712195,vraptor75011
334,Tested,1665929735657,tiger4242
335,Tested,1665929757426,theblockchainarborist
336,Tested,1665929762555,vraptor75011
337,Tested,1665930089216,caoHenriques
338,Tested,1665930173131,NicN11
339,Tested,1665930387977,NicN11
340,Tested,1665930602963,NicN11
341,Tested,1665930753998,tigers40
342,Tested,1665932171339,theblockchainarborist
343,Tested,1665932456052,tigers40
344,Tested,1665932660790,tigers40
345,Tested,1665933210350,tigers40
346,Tested,1665933265809,tiger4242
347,Tested,1665933279250,tiger4242
348,Tested,1665933358832,vraptor75011
349,Tested,1665933577667,vraptor75011
350,Tested,1665934177168,tigers40
351,Tested,1665934581668,theblockchainarborist
352,Tested,1665934638935,caoHenriques
353,Tested,1665934739814,caoHenriques
354,Tested,1665935280676,vraptor75011
355,Tested,1665935355519,vraptor75011
356,Tested,1665935423830,caoHenriques
357,Tested,1665935454663,vraptor75011
358,Tested,1665935543757,NicN11
359,Tested,1665935760878,NicN11
360,Tested,1665936025392,NicN11
361,Tested,1665936808722,tiger4242
362,Tested,1665936990630,theblockchainarborist
363,Tested,1665937184397,NicN11
364,Tested,1665938112659,NicN11
365,Tested,1665938277236,tigers40
366,Tested,1665938390464,tigers40
367,Tested,1665938891622,caoHenriques
368,Tested,1665939036479,tigers40
369,Tested,1665940128199,vraptor75011
370,Tested,1665939282143,BigGremlin
371,Tested,1665939722574,BigGremlin
372,Tested,1665940225231,tigers40
373,Tested,1665940341090,tiger4242
374,Tested,1665940970926,tigers40
375,Tested,1665941223827,BigGremlin
376,Tested,1665941850415,theblockchainarborist
377,Tested,1665943103248,BigGremlin
378,Tested,1665943142050,tiger4242
379,Tested,1665943153909,caoHenriques
380,Tested,1665943168824,tiger4242
381,Tested,1665943694817,tiger4242
382,Tested,1665943754385,BigGremlin
383,Tested,1665943874881,tiger4242
384,Tested,1665943914423,tigers40
385,Tested,1665944659576,vraptor75011
386,Tested,1665944907725,vraptor75011
387,Tested,1665944952802,tigers40
388,Tested,1665945487070,tigers40
389,Tested,1665945700748,tigers40
390,Tested,1665946286818,tigers40
391,Tested,1665946687046,tiger4242
392,Tested,1665947312625,vraptor75011
393,Tested,1665947322164,tigers40
394,Tested,1665947338810,caoHenriques
395,Tested,1665947350770,vraptor75011
396,Tested,1665947450142,tiger4242
397,Tested,1665947560540,caoHenriques
398,Tested,1665948017811,tigers40
399,Tested,1665948690922,vraptor75011
400,Tested,1665948736463,NicN11
401,Tested,1665949131636,theblockchainarborist
402,Tested,1665949516779,tigers40
403,Tested,1665950192041,tiger4242
404,Tested,1665950267622,tiger4242
405,Tested,1665950277668,tiger4242
406,Tested,1665950402792,NicN11
407,Tested,1665950982537,tiger4242
408,Tested,1665951515053,tigers40
409,Tested,1665951797083,NicN11
410,Tested,1665951873801,caoHenriques
411,Tested,1665952101589,tigers40
412,Tested,1665952521975,vraptor75011
413,Tested,1665952899238,NicN11
414,Tested,1665953103842,vraptor75011
415,Tested,1665953286546,BigGremlin
416,Tested,1665953302218,caoHenriques
417,Tested,1665953480415,NicN11
418,Tested,1665953562919,theblockchainarborist
419,Tested,1665953695553,tiger4242
420,Tested,1665953783766,tiger4242
421,Tested,1665954329224,NicN11
422,Tested,1665954510185,caoHenriques
423,Tested,1665954949408,BigGremlin
424,Tested,1665954965926,BigGremlin
425,Tested,1665955421406,NicN11
426,Tested,1665955468016,NicN11
427,Tested,1665955951199,theblockchainarborist
428,Tested,1665956272154,tiger4242
429,Tested,1665956689361,tigers40
430,Tested,1665956804234,vraptor75011
431,Tested,1665956818415,tiger4242
432,Tested,1665956891885,NicN11
433,Tested,1665956906732,caoHenriques
434,Tested,1665956927839,tigers40
435,Tested,1665956953147,tigers40
436,Tested,1665957380660,tigers40
437,Tested,1665957438598,tigers40
438,Tested,1665957688828,BigGremlin
439,Tested,1665957816394,tigers40
440,Tested,1665958037076,caoHenriques
441,Tested,1665958384824,theblockchainarborist
442,Tested,1666040349597,NAmorim
443,Tested,1665960026662,vraptor75011
444,Tested,1665960556603,tigers40
445,Tested,1665960580153,NicN11
446,Tested,1665960837480,theblockchainarborist
447,Tested,1665962727533,tigers40
448,Tested,1665962877960,NicN11
449,Tested,1665963120376,NicN11
450,Tested,1665963241227,theblockchainarborist
451,Tested,1665963295083,tiger4242
452,Tested,1665963407502,vraptor75011
453,Tested,1665963581945,vraptor75011
454,Tested,1665966545666,caoHenriques
455,Tested,1665964632768,NicN11
456,Tested,1665964738514,vraptor75011
457,Tested,1665964803141,caoHenriques
458,Tested,1665985850460,caoHenriques
459,Tested,1665965737776,BigGremlin
460,Tested,1665965754713,tigers40
461,Tested,1665966535357,caoHenriques
462,Tested,1665966540797,caoHenriques
463,Tested,1665966550546,caoHenriques
464,Tested,1665967059319,caoHenriques
465,Tested,1665967430377,tiger4242
466,Tested,1665967485418,tigers40
467,Tested,1665967726487,caoHenriques
468,Tested,1665967866432,tiger4242
469,Tested,1665968012320,NicN11
470,Tested,1665968071274,theblockchainarborist
471,Tested,1665968095498,tigers40
472,Tested,1665968399164,NicN11
473,Tested,1665968466551,NicN11
474,Tested,1665968728330,BigGremlin
475,Tested,1665968747758,vraptor75011
476,Tested,1665969031780,NicN11
477,Tested,1665970469139,theblockchainarborist
478,Tested,1665970705105,tigers40
479,Tested,1665970965930,NicN11
480,Tested,1665971044763,tigers40
481,Tested,1665971093440,caoHenriques
482,Tested,1665971204576,caoHenriques
483,Tested,1665971211239,caoHenriques
484,Tested,1665971225376,caoHenriques
485,Tested,1665972878596,theblockchainarborist
486,Tested,1665974052254,vraptor75011
487,Tested,1665974782523,tigers40
488,Tested,1665975287423,theblockchainarborist
489,Tested,1665975330786,vraptor75011
490,Tested,1665975426049,caoHenriques
491,Tested,1665975544080,caoHenriques
492,Tested,1665975571979,vraptor75011
493,Tested,1665975940271,NicN11
494,Tested,1665976061720,caoHenriques
495,Tested,1665976269063,tigers40
496,Tested,1665976649315,vraptor75011
497,Tested,1665977259011,caoHenriques
498,Tested,1665977350013,tigers40
499,Tested,1665977694667,vraptor75011
500,Tested,1665977715373,theblockchainarborist
501,Tested,1665977921429,tigers40
502,Tested,1665978426966,tiger4242
503,Tested,1665978775495,NicN11
504,Tested,1665979224336,tigers40
505,Tested,1665979390726,vraptor75011
506,Tested,1665979719096,caoHenriques
507,Tested,1665979855437,caoHenriques
508,Tested,1665979969586,BigGremlin
509,Tested,1665980126343,theblockchainarborist
510,Tested,1665980295989,tigers40
511,Tested,1665980340930,tigers40
512,Tested,1665980608270,vraptor75011
513,Tested,1665980776619,caoHenriques
514,Tested,1665980880288,NicN11
515,Tested,1665981241891,vraptor75011
516,Tested,1665981534001,NicN11
517,Tested,1665981554788,caoHenriques
518,Tested,1665982682820,BigGremlin
519,Tested,1665982891113,BigGremlin
520,Tested,1665984112018,caoHenriques
521,Tested,1665984593446,tiger4242
522,Tested,1665984635978,tiger4242
523,Tested,1665984735315,caoHenriques
524,Tested,1665984890725,vraptor75011
525,Tested,1665984902672,Chommoh
526,Tested,1665985003047,tigers40
527,Tested,1665985115657,tiger4242
528,Tested,1665985277652,vraptor75011
529,Tested,1665985298515,caoHenriques
530,Tested,1665985348088,caoHenriques
531,Tested,1665985467693,tiger4242
532,Tested,1665985655862,caoHenriques
533,Tested,1665985752028,tiger4242
534,Tested,1665986608532,vraptor75011
535,Tested,1665986974907,vraptor75011
536,Tested,1665987194910,tigers40
537,Tested,1665987410719,theblockchainarborist
538,Tested,1665987797966,tigers40
539,Tested,1665988196709,tiger4242
540,Tested,1665988600283,vraptor75011
541,Tested,1665988627080,tiger4242
542,Tested,1665988998984,tiger4242
543,Tested,1665989176381,NicN11
544,Tested,1665989279103,NicN11
545,Tested,1665989762579,tiger4242
546,Tested,1665989830520,theblockchainarborist
547,Tested,1665990061864,caoHenriques
548,Tested,1665990402891,caoHenriques
549,Tested,1665990433201,tigers40
550,Tested,1665991211218,NicN11
551,Tested,1665991765039,tiger4242
552,Tested,1665991849909,NicN11
553,Tested,1665992369310,vraptor75011
554,Tested,1665992501805,tiger4242
555,Tested,1665992703063,caoHenriques
556,Tested,1665993292960,NicN11
557,Tested,1665993782114,BigGremlin
558,Tested,1665994397664,NicN11
559,Tested,1665994652725,theblockchainarborist
560,Tested,1665994699529,tigers40
561,Tested,1665994822583,caoHenriques
562,Tested,1665996139130,vraptor75011
563,Tested,1665996373082,tiger4242
564,Tested,1665996382429,NicN11
565,Tested,1665996472930,vraptor75011
566,Tested,1665996554099,tigers40
567,Tested,1665996602614,vraptor75011
568,Tested,1665996644197,BigGremlin
569,Tested,1665996946269,NicN11
570,Tested,1665997003011,tigers40
571,Tested,1665997072380,theblockchainarborist
572,Tested,1665997496073,tigers40
573,Tested,1665997894278,vraptor75011
574,Tested,1665999254741,tiger4242
575,Tested,1665999394681,BigGremlin
576,Tested,1665999496147,theblockchainarborist
577,Tested,1665999564279,caoHenriques
578,Tested,1665999729605,caoHenriques
579,Tested,1665999919004,vraptor75011
580,Tested,1666001622555,tigers40
581,Tested,1666002250705,vraptor75011
582,Tested,1666002784336,tiger4242
583,Tested,1666003283066,vraptor75011
584,Tested,1666003856558,tiger4242
585,Tested,1666003969327,tigers40
586,Tested,1666004380737,theblockchainarborist
587,Tested,1666004502490,caoHenriques
588,Tested,1666004636092,caoHenriques
589,Tested,1666005487191,caoHenriques
590,Tested,1666006819808,Chommoh
591,Tested,1666006994906,tiger4242
592,Tested,1666007160306,tigers40
593,Tested,1666007190852,tigers40
594,Tested,1666007203450,tigers40
595,Tested,1666007213871,Chommoh
596,Tested,1666007268760,Chommoh
597,Tested,1666007603792,Chommoh
598,Tested,1666007614236,Chommoh
599,Tested,1666007621168,Chommoh
600,Tested,1666007629295,Chommoh
601,Tested,1666007634256,BigGremlin
602,Tested,1666007973513,NicN11
603,Tested,1666007984000,vraptor75011
604,Tested,1666007992835,vraptor75011
605,Tested,1666008044951,tigers40
606,Tested,1666008051036,Chommoh
607,Tested,1666008057856,Chommoh
608,Tested,1666008067169,Chommoh
609,Tested,1666008073470,Chommoh
610,Tested,1666008080187,Chommoh
611,Tested,1666008099807,Chommoh
612,Tested,1666008112741,Chommoh
613,Tested,1666008117915,Chommoh
614,Tested,1666008131921,Chommoh
615,Tested,1666019611400,Chommoh
616,Tested,1666008624551,vraptor75011
617,Tested,1666008658701,vraptor75011
618,Tested,1666008944478,tigers40
619,Tested,1666009244309,theblockchainarborist
620,Tested,1666009363296,caoHenriques
621,Tested,1666009411108,tiger4242
622,Tested,1666009415796,caoHenriques
623,Tested,1666009699307,BigGremlin
624,Tested,1666009845312,caoHenriques
625,Tested,1666009855151,NicN11
626,Tested,1666009866066,tiger4242
627,Tested,1666010170280,vraptor75011
628,Tested,1666010518148,tiger4242
629,Tested,1666010638920,BigGremlin
630,Tested,1666010987502,caoHenriques
631,Tested,1666011342580,vraptor75011
632,Tested,1666011352253,BigGremlin
633,Tested,1666011689269,theblockchainarborist
634,Tested,1666011905962,Chommoh
635,Tested,1666011935259,NicN11
636,Tested,1666012396345,Chommoh
637,Tested,1666012625634,Chommoh
638,Tested,1666012890660,tiger4242
639,Tested,1666012945559,Chommoh
640,Tested,1666035233807,tigers40
641,Tested,1666013008654,Chommoh
642,Tested,1666013014580,Chommoh
643,Tested,1666013063263,Chommoh
644,Tested,1666013120378,NicN11
645,Tested,1666013371437,tiger4242
646,Tested,1666013630117,Chommoh
647,Tested,1666013655866,Chommoh
648,Tested,1666013748698,Chommoh
649,Tested,1666013826075,Chommoh
650,Tested,1666013841050,Chommoh
651,Tested,1666013888259,Chommoh
652,Tested,1666013893076,Chommoh
653,Tested,1666013940503,Chommoh
654,Tested,1666013949913,tiger4242
655,Tested,1666013961003,Chommoh
656,Tested,1666013975659,Chommoh
657,Tested,1666014043124,caoHenriques
658,Tested,1666014059264,NicN11
659,Tested,1666014160319,Chommoh
660,Tested,1666014236019,caoHenriques
661,Tested,1666014384281,vraptor75011
662,Tested,1666014563582,NicN11
663,Tested,1666014701815,Chommoh
664,Tested,1666014860117,caoHenriques
665,Tested,1666014864918,caoHenriques
666,Tested,1666015172484,vraptor75011
667,Tested,1666015676580,NicN11
668,Tested,1666016595780,NicN11
669,Tested,1666016606572,tiger4242
670,Tested,1666016648453,theblockchainarborist
671,Tested,1666017127575,NicN11
672,Tested,1666017181982,tigers40
673,Tested,1666017187110,Chommoh
674,Tested,1666017450112,Chommoh
675,Tested,1666017672852,NicN11
676,Tested,1666017832523,Chommoh
677,Tested,1666017856008,NicN11
678,Tested,1666017953444,caoHenriques
679,Tested,1666018069425,Chommoh
680,Tested,1666018234868,Chommoh
681,Tested,1666018313264,Chommoh
682,Tested,1666018440084,Chommoh
683,Tested,1666018628260,Chommoh
684,Tested,1666018759101,caoHenriques
685,Tested,1666019107007,theblockchainarborist
686,Tested,1666019163434,NicN11
687,Tested,1666019307291,Chommoh
688,Tested,1666019366283,Chommoh
689,Tested,1666019398044,Chommoh
690,Tested,1666019454383,Chommoh
692,Tested,1666019583911,Chommoh
693,Tested,1666019616754,Chommoh
694,Tested,1666019621246,Chommoh
695,Tested,1666019649890,caoHenriques
696,Tested,1666019708360,Chommoh
697,Tested,1666019735300,NicN11
699,Tested,1666019885478,vraptor75011
700,Tested,1666020066414,Chommoh
701,Tested,1666020246900,Chommoh
702,Tested,1666020332523,caoHenriques
703,Tested,1666020551584,Chommoh
705,Tested,1666021640641,BigGremlin
706,Tested,1666021724397,NicN11
707,Tested,1666021855315,caoHenriques
708,Tested,1666022794808,vraptor75011
709,Tested,1666022912276,Chommoh
710,Tested,1666023105662,NicN11
711,Tested,1666023314748,Chommoh
712,Tested,1666023454857,Chommoh
713,Tested,1666023484137,tiger4242
714,Tested,1666023539904,Chommoh
715,Tested,1666023794298,Chommoh
716,Tested,1666023941219,theblockchainarborist
717,Tested,1666024186197,Chommoh
718,Tested,1666024611756,Chommoh
719,Tested,1666024857002,Chommoh
720,Tested,1666024974176,Chommoh
721,Tested,1666024993133,Chommoh
722,Tested,1666025029285,Chommoh
723,Tested,1666025095049,Chommoh
724,Tested,1666025113579,Chommoh
725,Tested,1666025118132,Chommoh
726,Tested,1666025154637,Chommoh
727,Tested,1666025159745,caoHenriques
728,Tested,1666025166750,Chommoh
729,Tested,1666025171735,caoHenriques
730,Tested,1666025184677,Chommoh
731,Tested,1666025212452,Chommoh
732,Tested,1666025223106,BigGremlin
733,Tested,1666025337391,Chommoh
734,Tested,1666025884731,vraptor75011
735,Tested,1666026010754,caoHenriques
736,Tested,1666026075476,Chommoh
737,Tested,1666026227104,tigers40
738,Tested,1666026370359,theblockchainarborist
739,Tested,1666026390794,Chommoh
740,Tested,1666026604562,vraptor75011
741,Tested,1666026658331,caoHenriques
742,Tested,1666026900527,NicN11
743,Tested,1666027015841,tiger4242
744,Tested,1666027498799,tigers40
745,Tested,1666027516960,tiger4242
746,Tested,1666034602889,tigers40
747,Tested,1666028162085,tiger4242
748,Tested,1666028334535,Chommoh
749,Tested,1666028624344,Chommoh
750,Tested,1666028807998,theblockchainarborist
751,Tested,1666028823274,tigers40
752,Tested,1666029095953,Chommoh
753,Tested,1666029125741,caoHenriques
754,Tested,1666029231490,Chommoh
755,Tested,1666029380854,Chommoh
756,Tested,1666029515818,Chommoh
757,Tested,1666030235430,Chommoh
758,Tested,1666030480700,Chommoh
759,Tested,1666030570046,Chommoh
760,Tested,1666030679466,Chommoh
761,Tested,1666030790281,Chommoh
762,Tested,1666030819972,Chommoh
763,Tested,1666030843134,Chommoh
764,Tested,1666030895200,Chommoh
765,Tested,1666044868879,tiger4242
766,Tested,1666030916738,Chommoh
767,Tested,1666030922841,NicN11
768,Tested,1666031104435,Chommoh
769,Tested,1666031258499,theblockchainarborist
770,Tested,1666032669956,Chommoh
772,Tested,1666033663317,vraptor75011
773,Tested,1666033668175,Chommoh
774,Tested,1666033698539,theblockchainarborist
776,Tested,1666034434311,vraptor75011
777,Tested,1666034608235,tigers40
778,Tested,1666034940143,prepheadrus
780,Tested,1666034687012,Chommoh
781,Tested,1666034711019,Chommoh
782,Tested,1666034939099,prepheadrus
784,Tested,1666034842703,Chommoh
785,Tested,1666034881325,caoHenriques
786,Tested,1666035309985,tiger4242
787,Tested,1666035360693,NicN11
788,Tested,1666035546432,BigGremlin
789,Tested,1666035863949,Chommoh
790,Tested,1666035881218,NicN11
791,Tested,1666036149345,Chommoh
792,Tested,1666036215056,Chommoh
793,Tested,1666044911957,caoHenriques
794,Tested,1666036364072,Chommoh
795,Tested,1666036413644,Chommoh
796,Tested,1666036420130,Chommoh
797,Tested,1666036642170,Chommoh
798,Tested,1666036652571,NicN11
799,Tested,1666036667435,Chommoh
800,Tested,1666036676237,Chommoh
801,Tested,1666036816617,Chommoh
802,Tested,1666036947832,caoHenriques
803,Tested,1666036966564,Chommoh
804,Tested,1666037233076,tigers40
805,Tested,1666037312686,NicN11
806,Tested,1666037549810,Chommoh
807,Tested,1666037638212,tigers40
808,Tested,1666037649474,tiger4242
809,Tested,1666037654464,tiger4242
810,Tested,1666037659682,caoHenriques
811,Tested,1666037824878,vraptor75011
812,Tested,1666037966008,Chommoh
813,Tested,1666038035223,Chommoh
814,Tested,1666038258122,BigGremlin
815,Tested,1666038450227,NicN11
816,Tested,1666038643634,theblockchainarborist
817,Tested,1666038663386,tigers40
818,Tested,1666038825650,tiger4242
819,Tested,1666038959708,Chommoh
820,Tested,1666039880172,NicN11
821,Tested,1666039986429,Chommoh
822,Tested,1666040134793,Chommoh
823,Tested,1666040493125,NicN11
825,Tested,1666040628593,DJ05GaZ
828,Tested,1666041016824,NicN11
830,Tested,1666041092116,theblockchainarborist
831,Tested,1666041225703,tiger4242
832,Tested,1666041243265,tiger4242
833,Tested,1666041343721,tiger4242
834,Tested,1666041356353,Chommoh
835,Tested,1666041517520,Chommoh
836,Tested,1666041575370,BigGremlin
837,Tested,1666041611551,DJ05GaZ
838,Tested,1666041736134,DJ05GaZ
839,Tested,1666041988168,Chommoh
840,Tested,1666042031294,Chommoh
841,Tested,1666042052019,Chommoh
842,Tested,1666042071858,Chommoh
843,Tested,1666042079911,DJ05GaZ
844,Tested,1666042202659,Chommoh
845,Tested,1666042237554,vraptor75011
846,Tested,1666042248681,DJ05GaZ
847,Tested,1666042396849,Chommoh
848,Tested,1666042410840,caoHenriques
849,Tested,1666042437501,Chommoh
850,Tested,1666042446903,NicN11
851,Tested,1666042458475,Chommoh
852,Tested,1666042513002,Chommoh
853,Tested,1666042767125,DJ05GaZ
854,Tested,1666042861238,Chommoh
855,Tested,1666043018876,NicN11
856,Tested,1666043044090,Chommoh
857,Tested,1666043265880,Chommoh
859,Tested,1666043524707,theblockchainarborist
860,Tested,1666044304237,Chommoh
861,Tested,1666044369355,vraptor75011
862,Tested,1666044381351,Chommoh
863,Tested,1666044391356,tigers40
864,Tested,1666044747660,tiger4242
865,Tested,1666044907028,caoHenriques
866,Tested,1666045340615,Chommoh
867,Tested,1666045392225,prepheadrus
868,Tested,1666045397691,prepheadrus
869,Tested,1666045411307,DJ05GaZ
870,Tested,1666045585851,NicN11
871,Tested,1666045889528,vraptor75011
872,Tested,1666045923715,DJ05GaZ
873,Tested,1666045929575,theblockchainarborist
874,Tested,1666045940945,tiger4242
875,Tested,1666046029316,Chommoh
876,Tested,1666046051546,DJ05GaZ
877,Tested,1666046167543,NicN11
878,Tested,1666046178405,DJ05GaZ
879,Tested,1666046244449,Chommoh
880,Tested,1666046300106,caoHenriques
881,Tested,1666046526514,tigers40
882,Tested,1666046536701,vraptor75011
883,Tested,1666046743777,Chommoh
884,Tested,1666047051499,Chommoh
885,Tested,1666047071217,NicN11
886,Tested,1666047590216,Chommoh
887,Tested,1666047747467,Chommoh
888,Tested,1666047877682,Chommoh
889,Tested,1666047968596,Chommoh
890,Tested,1666048071832,Chommoh
891,Tested,1666048134342,Chommoh
892,Tested,1666048150853,NicN11
893,Tested,1666048202240,Chommoh
894,Tested,1666048279105,tiger4242
895,Tested,1666048395108,Chommoh
896,Tested,1666048412012,tiger4242
897,Tested,1666048424215,tiger4242
898,Tested,1666048445377,DJ05GaZ
899,Tested,1666048581755,tigers40
900,Tested,1666048727853,NicN11
901,Tested,1666049374561,caoHenriques
902,Tested,1666049462260,BigGremlin
903,Tested,1666071000348,tiger4242
904,Tested,1666049535880,caoHenriques
905,Tested,1666049625624,Chommoh
906,Tested,1666049698240,NicN11
907,Tested,1666050016947,DJ05GaZ
908,Tested,1666050029847,Chommoh
909,Tested,1666050587223,Chommoh
910,Tested,1666050865926,theblockchainarborist
911,Tested,1666050972540,vraptor75011
912,Tested,1666051242743,Chommoh
913,Tested,1666051470482,Chommoh
914,Tested,1666051622313,BigGremlin
915,Tested,1666051690079,DJ05GaZ
916,Tested,1666051781828,Chommoh
917,Tested,1666051807863,tiger4242
918,Tested,1666071009410,tiger4242
919,Tested,1666051964872,tiger4242
920,Tested,1666052050016,BigGremlin
921,Tested,1666052083493,BigGremlin
922,Tested,1666052391048,Chommoh
923,Tested,1666052465663,Chommoh
924,Tested,1666052538007,vraptor75011
925,Tested,1666052543384,tigers40
926,Tested,1666052797996,DJ05GaZ
927,Tested,1666052855850,DJ05GaZ
928,Tested,1666053056461,Chommoh
929,Tested,1666053123638,Chommoh
930,Tested,1666053131745,vraptor75011
931,Tested,1666053327541,theblockchainarborist
932,Tested,1666053520139,Chommoh
933,Tested,1666053527152,Chommoh
934,Tested,1666053539632,Chommoh
935,Tested,1666053685566,Chommoh
936,Tested,1666053842341,caoHenriques
937,Tested,1666053879683,Chommoh
938,Tested,1666053960819,Chommoh
939,Tested,1666054016595,Chommoh
940,Tested,1666054173388,Chommoh
941,Tested,1666054206190,caoHenriques
942,Tested,1666054303193,Chommoh
943,Tested,1666054427139,Chommoh
944,Tested,1666054562029,NicN11
945,Tested,1666054940547,NicN11
946,Tested,1666055175560,tigers40
947,Tested,1666055379330,NicN11
948,Tested,1666055493819,tiger4242
949,Tested,1666055667235,Chommoh
950,Tested,1666055802031,theblockchainarborist
951,Tested,1666055854612,prepheadrus
952,Tested,1666055868421,tigers40
953,Tested,1666055896573,Chommoh
954,Tested,1666056368899,DJ05GaZ
955,Tested,1666056572281,caoHenriques
956,Tested,1666056593228,Chommoh
957,Tested,1666056686501,vraptor75011
958,Tested,1666056723343,tigers40
959,Tested,1666056797738,Chommoh
960,Tested,1666057017429,Chommoh
961,Tested,1666057510737,DJ05GaZ
962,Tested,1666057947403,NicN11
963,Tested,1666057978691,Chommoh
964,Tested,1666058120997,Chommoh
965,Tested,1666058158918,caoHenriques
966,Tested,1666058241146,theblockchainarborist
967,Tested,1666058557011,caoHenriques
968,Tested,1666058568751,NicN11
969,Tested,1666058727696,Chommoh
970,Tested,1666058918697,Chommoh
971,Tested,1666059025250,tiger4242
972,Tested,1666059034666,tigers40
973,Tested,1666059116777,NicN11
974,Tested,1666059177814,Chommoh
975,Tested,1666059261671,tigers40
976,Tested,1666059303807,Chommoh
977,Tested,1666059397686,Chommoh
978,Tested,1666059515034,tigers40
979,Tested,1666059539731,Chommoh
980,Tested,1666059623564,Chommoh
981,Tested,1666059824298,Chommoh
983,Tested,1666059972107,Chommoh
984,Tested,1666060141759,Chommoh
985,Tested,1666060159520,DJ05GaZ
986,Tested,1666060197794,vraptor75011
987,Tested,1666060459481,Chommoh
988,Tested,1666060606920,Chommoh
989,Tested,1666060674365,theblockchainarborist
990,Tested,1666060715823,Chommoh
991,Tested,1666061157621,Chommoh
992,Tested,1666061267356,Chommoh
993,Tested,1666061562007,Chommoh
994,Tested,1666061631515,tigers40
995,Tested,1666061744561,NicN11
996,Tested,1666061958391,DJ05GaZ
997,Tested,1666062342247,NicN11
998,Tested,1666062447040,tiger4242
999,Tested,1666062569334,caoHenriques
1000,Tested,1666062610504,tiger4242
1001,Tested,1666062752505,DJ05GaZ
1002,Tested,1666062768533,DJ05GaZ
1003,Tested,1666062809902,NicN11
1004,Tested,1666063143320,theblockchainarborist
1005,Tested,1666063257096,Chommoh
1007,Tested,1666063787796,vraptor75011
1008,Tested,1666063811667,tigers40
1009,Tested,1666064084422,Chommoh
1010,Tested,1666064371697,NicN11
1011,Tested,1666064403611,Chommoh
1012,Tested,1666064434436,caoHenriques
1013,Tested,1666064446975,DJ05GaZ
1014,Tested,1666064569022,tigers40
1015,Tested,1666064588619,Chommoh
1016,Tested,1666064616437,Chommoh
1017,Tested,1666064660706,Chommoh
1018,Tested,1666064873400,DJ05GaZ
1019,Tested,1666064880365,Chommoh
1020,Tested,1666064886394,Chommoh
1021,Tested,1666064907749,NicN11
1022,Tested,1666065056822,Chommoh
1023,Tested,1666065382827,NicN11
1024,Tested,1666065505077,Chommoh